"Subject","Mot","Hem","Axis","LearningRate","AxisIncrease"
"AB1","SomMotA","LH","Explicit",0.0884234793516983,-0.0414
"AB1","SomMotA","LH","Implicit",0.0884234793516983,0.1025
"AB1","SomMotA","LH","Performance",0.0884234793516983,-0.0112
"AB1","SomMotA","RH","Explicit",0.0884234793516983,-0.0356
"AB1","SomMotA","RH","Implicit",0.0884234793516983,0.3465
"AB1","SomMotA","RH","Performance",0.0884234793516983,-0.0919
"AB1","SomMotB","LH","Explicit",0.0884234793516983,-0.049
"AB1","SomMotB","LH","Implicit",0.0884234793516983,0.0274
"AB1","SomMotB","LH","Performance",0.0884234793516983,-0.007
"AB1","SomMotB","RH","Explicit",0.0884234793516983,-0.046
"AB1","SomMotB","RH","Implicit",0.0884234793516983,-0.0318
"AB1","SomMotB","RH","Performance",0.0884234793516983,-0.0487
"AG1","SomMotA","LH","Explicit",0.20520721817212,0.0064
"AG1","SomMotA","LH","Implicit",0.20520721817212,-0.0262
"AG1","SomMotA","LH","Performance",0.20520721817212,0.1802
"AG1","SomMotA","RH","Explicit",0.20520721817212,-0.1535
"AG1","SomMotA","RH","Implicit",0.20520721817212,0.1033
"AG1","SomMotA","RH","Performance",0.20520721817212,-0.027
"AG1","SomMotB","LH","Explicit",0.20520721817212,-0.0924
"AG1","SomMotB","LH","Implicit",0.20520721817212,0.0359
"AG1","SomMotB","LH","Performance",0.20520721817212,0.0283
"AG1","SomMotB","RH","Explicit",0.20520721817212,-0.0344
"AG1","SomMotB","RH","Implicit",0.20520721817212,0.0318
"AG1","SomMotB","RH","Performance",0.20520721817212,0.0508
"AH1","SomMotA","LH","Explicit",-0.0366956462765468,-0.132
"AH1","SomMotA","LH","Implicit",-0.0366956462765468,-0.0938
"AH1","SomMotA","LH","Performance",-0.0366956462765468,-0.1636
"AH1","SomMotA","RH","Explicit",-0.0366956462765468,-0.1035
"AH1","SomMotA","RH","Implicit",-0.0366956462765468,0.2729
"AH1","SomMotA","RH","Performance",-0.0366956462765468,0.061
"AH1","SomMotB","LH","Explicit",-0.0366956462765468,-0.0838
"AH1","SomMotB","LH","Implicit",-0.0366956462765468,0.0225
"AH1","SomMotB","LH","Performance",-0.0366956462765468,-0.1152
"AH1","SomMotB","RH","Explicit",-0.0366956462765468,-0.0497
"AH1","SomMotB","RH","Implicit",-0.0366956462765468,-0.0147
"AH1","SomMotB","RH","Performance",-0.0366956462765468,-0.1801
"AM1","SomMotA","LH","Explicit",0.0544525447104904,-0.1208
"AM1","SomMotA","LH","Implicit",0.0544525447104904,0.033
"AM1","SomMotA","LH","Performance",0.0544525447104904,0.1866
"AM1","SomMotA","RH","Explicit",0.0544525447104904,0.1381
"AM1","SomMotA","RH","Implicit",0.0544525447104904,-0.2706
"AM1","SomMotA","RH","Performance",0.0544525447104904,0.174
"AM1","SomMotB","LH","Explicit",0.0544525447104904,-0.1477
"AM1","SomMotB","LH","Implicit",0.0544525447104904,0.0364
"AM1","SomMotB","LH","Performance",0.0544525447104904,0.1457
"AM1","SomMotB","RH","Explicit",0.0544525447104904,-0.0655
"AM1","SomMotB","RH","Implicit",0.0544525447104904,0.0381
"AM1","SomMotB","RH","Performance",0.0544525447104904,0.132
"AP1","SomMotA","LH","Explicit",0.0536992566309275,-0.132
"AP1","SomMotA","LH","Implicit",0.0536992566309275,0.1102
"AP1","SomMotA","LH","Performance",0.0536992566309275,-0.2005
"AP1","SomMotA","RH","Explicit",0.0536992566309275,-0.4439
"AP1","SomMotA","RH","Implicit",0.0536992566309275,0.0104
"AP1","SomMotA","RH","Performance",0.0536992566309275,0.1092
"AP1","SomMotB","LH","Explicit",0.0536992566309275,-0.0959
"AP1","SomMotB","LH","Implicit",0.0536992566309275,0.0395
"AP1","SomMotB","LH","Performance",0.0536992566309275,0.0587
"AP1","SomMotB","RH","Explicit",0.0536992566309275,-0.0303
"AP1","SomMotB","RH","Implicit",0.0536992566309275,0.017
"AP1","SomMotB","RH","Performance",0.0536992566309275,0.0268
"AV1","SomMotA","LH","Explicit",0.508816280109864,-0.2022
"AV1","SomMotA","LH","Implicit",0.508816280109864,0.2318
"AV1","SomMotA","LH","Performance",0.508816280109864,-0.1056
"AV1","SomMotA","RH","Explicit",0.508816280109864,0.0966
"AV1","SomMotA","RH","Implicit",0.508816280109864,0.0223
"AV1","SomMotA","RH","Performance",0.508816280109864,-0.1065
"AV1","SomMotB","LH","Explicit",0.508816280109864,-0.0217
"AV1","SomMotB","LH","Implicit",0.508816280109864,0.0221
"AV1","SomMotB","LH","Performance",0.508816280109864,-0.1492
"AV1","SomMotB","RH","Explicit",0.508816280109864,0.0144
"AV1","SomMotB","RH","Implicit",0.508816280109864,0.1077
"AV1","SomMotB","RH","Performance",0.508816280109864,0.0808
"BN1","SomMotA","LH","Explicit",0.697236664927556,0.1073
"BN1","SomMotA","LH","Implicit",0.697236664927556,0.082
"BN1","SomMotA","LH","Performance",0.697236664927556,0.129
"BN1","SomMotA","RH","Explicit",0.697236664927556,0.1308
"BN1","SomMotA","RH","Implicit",0.697236664927556,0.1382
"BN1","SomMotA","RH","Performance",0.697236664927556,0.0046
"BN1","SomMotB","LH","Explicit",0.697236664927556,-0.0898
"BN1","SomMotB","LH","Implicit",0.697236664927556,0.0296
"BN1","SomMotB","LH","Performance",0.697236664927556,-0.0912
"BN1","SomMotB","RH","Explicit",0.697236664927556,-0.0478
"BN1","SomMotB","RH","Implicit",0.697236664927556,-0.048
"BN1","SomMotB","RH","Performance",0.697236664927556,-0.1223
"CD1","SomMotA","LH","Explicit",0.111102902450133,-0.0533
"CD1","SomMotA","LH","Implicit",0.111102902450133,0.1713
"CD1","SomMotA","LH","Performance",0.111102902450133,0.1266
"CD1","SomMotA","RH","Explicit",0.111102902450133,-0.3448
"CD1","SomMotA","RH","Implicit",0.111102902450133,-0.0617
"CD1","SomMotA","RH","Performance",0.111102902450133,0.0467
"CD1","SomMotB","LH","Explicit",0.111102902450133,-0.1028
"CD1","SomMotB","LH","Implicit",0.111102902450133,0.0339
"CD1","SomMotB","LH","Performance",0.111102902450133,0.0245
"CD1","SomMotB","RH","Explicit",0.111102902450133,-0.0355
"CD1","SomMotB","RH","Implicit",0.111102902450133,0.0213
"CD1","SomMotB","RH","Performance",0.111102902450133,0.0538
"CG1","SomMotA","LH","Explicit",0.0397037837532763,-0.103
"CG1","SomMotA","LH","Implicit",0.0397037837532763,0.1766
"CG1","SomMotA","LH","Performance",0.0397037837532763,0.0404
"CG1","SomMotA","RH","Explicit",0.0397037837532763,-0.2131
"CG1","SomMotA","RH","Implicit",0.0397037837532763,0.2004
"CG1","SomMotA","RH","Performance",0.0397037837532763,0.0885
"CG1","SomMotB","LH","Explicit",0.0397037837532763,-0.0923
"CG1","SomMotB","LH","Implicit",0.0397037837532763,0.0458
"CG1","SomMotB","LH","Performance",0.0397037837532763,-0.04
"CG1","SomMotB","RH","Explicit",0.0397037837532763,-0.1509
"CG1","SomMotB","RH","Implicit",0.0397037837532763,0.0539
"CG1","SomMotB","RH","Performance",0.0397037837532763,-0.1524
"CH1","SomMotA","LH","Explicit",-0.0551023724558681,-0.1453
"CH1","SomMotA","LH","Implicit",-0.0551023724558681,0.2796
"CH1","SomMotA","LH","Performance",-0.0551023724558681,-0.126
"CH1","SomMotA","RH","Explicit",-0.0551023724558681,-0.0137
"CH1","SomMotA","RH","Implicit",-0.0551023724558681,-0.045
"CH1","SomMotA","RH","Performance",-0.0551023724558681,-0.0803
"CH1","SomMotB","LH","Explicit",-0.0551023724558681,-0.1413
"CH1","SomMotB","LH","Implicit",-0.0551023724558681,0.0272
"CH1","SomMotB","LH","Performance",-0.0551023724558681,-0.1446
"CH1","SomMotB","RH","Explicit",-0.0551023724558681,0.0667
"CH1","SomMotB","RH","Implicit",-0.0551023724558681,0.0139
"CH1","SomMotB","RH","Performance",-0.0551023724558681,-0.0663
"CK1","SomMotA","LH","Explicit",0.236587648570268,-0.1553
"CK1","SomMotA","LH","Implicit",0.236587648570268,0.005
"CK1","SomMotA","LH","Performance",0.236587648570268,0.0922
"CK1","SomMotA","RH","Explicit",0.236587648570268,0.1982
"CK1","SomMotA","RH","Implicit",0.236587648570268,-0.1496
"CK1","SomMotA","RH","Performance",0.236587648570268,0.3882
"CK1","SomMotB","LH","Explicit",0.236587648570268,-0.2315
"CK1","SomMotB","LH","Implicit",0.236587648570268,0.0243
"CK1","SomMotB","LH","Performance",0.236587648570268,0.158
"CK1","SomMotB","RH","Explicit",0.236587648570268,-0.1027
"CK1","SomMotB","RH","Implicit",0.236587648570268,-0.027
"CK1","SomMotB","RH","Performance",0.236587648570268,-0.0033
"CM1","SomMotA","LH","Explicit",0.166919991890102,-0.021
"CM1","SomMotA","LH","Implicit",0.166919991890102,0.0618
"CM1","SomMotA","LH","Performance",0.166919991890102,-0.2136
"CM1","SomMotA","RH","Explicit",0.166919991890102,0.1318
"CM1","SomMotA","RH","Implicit",0.166919991890102,0.124
"CM1","SomMotA","RH","Performance",0.166919991890102,0.1956
"CM1","SomMotB","LH","Explicit",0.166919991890102,-0.11
"CM1","SomMotB","LH","Implicit",0.166919991890102,0.0272
"CM1","SomMotB","LH","Performance",0.166919991890102,-0.023
"CM1","SomMotB","RH","Explicit",0.166919991890102,-0.0732
"CM1","SomMotB","RH","Implicit",0.166919991890102,0.0031
"CM1","SomMotB","RH","Performance",0.166919991890102,-0.1113
"CM2","SomMotA","LH","Explicit",0.439901643865129,0.0242
"CM2","SomMotA","LH","Implicit",0.439901643865129,-0.0193
"CM2","SomMotA","LH","Performance",0.439901643865129,-0.0325
"CM2","SomMotA","RH","Explicit",0.439901643865129,-0.1413
"CM2","SomMotA","RH","Implicit",0.439901643865129,0.0412
"CM2","SomMotA","RH","Performance",0.439901643865129,0.1967
"CM2","SomMotB","LH","Explicit",0.439901643865129,-0.2076
"CM2","SomMotB","LH","Implicit",0.439901643865129,0.0311
"CM2","SomMotB","LH","Performance",0.439901643865129,-0.1855
"CM2","SomMotB","RH","Explicit",0.439901643865129,0.0458
"CM2","SomMotB","RH","Implicit",0.439901643865129,-0.0743
"CM2","SomMotB","RH","Performance",0.439901643865129,-0.0562
"CS1","SomMotA","LH","Explicit",0.441780145151412,-0.0622
"CS1","SomMotA","LH","Implicit",0.441780145151412,0.0848
"CS1","SomMotA","LH","Performance",0.441780145151412,-0.0047
"CS1","SomMotA","RH","Explicit",0.441780145151412,-0.022
"CS1","SomMotA","RH","Implicit",0.441780145151412,-0.0885
"CS1","SomMotA","RH","Performance",0.441780145151412,0.0419
"CS1","SomMotB","LH","Explicit",0.441780145151412,-0.0273
"CS1","SomMotB","LH","Implicit",0.441780145151412,0.0225
"CS1","SomMotB","LH","Performance",0.441780145151412,0.0384
"CS1","SomMotB","RH","Explicit",0.441780145151412,-0.2067
"CS1","SomMotB","RH","Implicit",0.441780145151412,0.1026
"CS1","SomMotB","RH","Performance",0.441780145151412,0.1303
"EH1","SomMotA","LH","Explicit",-0.017197570811835,-0.1136
"EH1","SomMotA","LH","Implicit",-0.017197570811835,0.0158
"EH1","SomMotA","LH","Performance",-0.017197570811835,-0.1605
"EH1","SomMotA","RH","Explicit",-0.017197570811835,-0.1728
"EH1","SomMotA","RH","Implicit",-0.017197570811835,-0.155
"EH1","SomMotA","RH","Performance",-0.017197570811835,0.288
"EH1","SomMotB","LH","Explicit",-0.017197570811835,-0.046
"EH1","SomMotB","LH","Implicit",-0.017197570811835,0.0414
"EH1","SomMotB","LH","Performance",-0.017197570811835,0.1083
"EH1","SomMotB","RH","Explicit",-0.017197570811835,0.0174
"EH1","SomMotB","RH","Implicit",-0.017197570811835,-0.0181
"EH1","SomMotB","RH","Performance",-0.017197570811835,-0.0977
"EK1","SomMotA","LH","Explicit",0.1079043909578,0.0306
"EK1","SomMotA","LH","Implicit",0.1079043909578,-0.0402
"EK1","SomMotA","LH","Performance",0.1079043909578,-0.0224
"EK1","SomMotA","RH","Explicit",0.1079043909578,-0.1257
"EK1","SomMotA","RH","Implicit",0.1079043909578,-0.1297
"EK1","SomMotA","RH","Performance",0.1079043909578,-0.1143
"EK1","SomMotB","LH","Explicit",0.1079043909578,-0.0457
"EK1","SomMotB","LH","Implicit",0.1079043909578,0.042
"EK1","SomMotB","LH","Performance",0.1079043909578,0.1561
"EK1","SomMotB","RH","Explicit",0.1079043909578,-0.0588
"EK1","SomMotB","RH","Implicit",0.1079043909578,-0.0108
"EK1","SomMotB","RH","Performance",0.1079043909578,0.1115
"HK1","SomMotA","LH","Explicit",0.198105541685748,0.0108
"HK1","SomMotA","LH","Implicit",0.198105541685748,-0.0238
"HK1","SomMotA","LH","Performance",0.198105541685748,-0.0048
"HK1","SomMotA","RH","Explicit",0.198105541685748,0.182
"HK1","SomMotA","RH","Implicit",0.198105541685748,-0.0879
"HK1","SomMotA","RH","Performance",0.198105541685748,0.1427
"HK1","SomMotB","LH","Explicit",0.198105541685748,-0.0833
"HK1","SomMotB","LH","Implicit",0.198105541685748,0.0349
"HK1","SomMotB","LH","Performance",0.198105541685748,-0.1369
"HK1","SomMotB","RH","Explicit",0.198105541685748,0.0049
"HK1","SomMotB","RH","Implicit",0.198105541685748,0.0373
"HK1","SomMotB","RH","Performance",0.198105541685748,-0.0506
"HS1","SomMotA","LH","Explicit",0.110801343828374,-0.001
"HS1","SomMotA","LH","Implicit",0.110801343828374,-0.2139
"HS1","SomMotA","LH","Performance",0.110801343828374,0.3582
"HS1","SomMotA","RH","Explicit",0.110801343828374,0.1185
"HS1","SomMotA","RH","Implicit",0.110801343828374,-0.102
"HS1","SomMotA","RH","Performance",0.110801343828374,0.1097
"HS1","SomMotB","LH","Explicit",0.110801343828374,-0.2067
"HS1","SomMotB","LH","Implicit",0.110801343828374,0.0276
"HS1","SomMotB","LH","Performance",0.110801343828374,0.0186
"HS1","SomMotB","RH","Explicit",0.110801343828374,0.0702
"HS1","SomMotB","RH","Implicit",0.110801343828374,-0.019
"HS1","SomMotB","RH","Performance",0.110801343828374,0.0718
"JC1","SomMotA","LH","Explicit",0.375742800228706,-0.124
"JC1","SomMotA","LH","Implicit",0.375742800228706,-0.1427
"JC1","SomMotA","LH","Performance",0.375742800228706,-0.2489
"JC1","SomMotA","RH","Explicit",0.375742800228706,-0.2619
"JC1","SomMotA","RH","Implicit",0.375742800228706,-0.1562
"JC1","SomMotA","RH","Performance",0.375742800228706,-0.1542
"JC1","SomMotB","LH","Explicit",0.375742800228706,-0.0495
"JC1","SomMotB","LH","Implicit",0.375742800228706,0.0141
"JC1","SomMotB","LH","Performance",0.375742800228706,-0.1563
"JC1","SomMotB","RH","Explicit",0.375742800228706,-0.0292
"JC1","SomMotB","RH","Implicit",0.375742800228706,-0.0212
"JC1","SomMotB","RH","Performance",0.375742800228706,-0.3026
"JH1","SomMotA","LH","Explicit",0.306921196515136,-0.0969
"JH1","SomMotA","LH","Implicit",0.306921196515136,0.0652
"JH1","SomMotA","LH","Performance",0.306921196515136,-0.023
"JH1","SomMotA","RH","Explicit",0.306921196515136,-0.0617
"JH1","SomMotA","RH","Implicit",0.306921196515136,0.3438
"JH1","SomMotA","RH","Performance",0.306921196515136,-0.1062
"JH1","SomMotB","LH","Explicit",0.306921196515136,-0.0767
"JH1","SomMotB","LH","Implicit",0.306921196515136,0.0434
"JH1","SomMotB","LH","Performance",0.306921196515136,0.1489
"JH1","SomMotB","RH","Explicit",0.306921196515136,-0.0815
"JH1","SomMotB","RH","Implicit",0.306921196515136,0.0762
"JH1","SomMotB","RH","Performance",0.306921196515136,0.1198
"JM1","SomMotA","LH","Explicit",-0.0272088856034958,-0.0796
"JM1","SomMotA","LH","Implicit",-0.0272088856034958,-0.0532
"JM1","SomMotA","LH","Performance",-0.0272088856034958,-0.1026
"JM1","SomMotA","RH","Explicit",-0.0272088856034958,-0.1478
"JM1","SomMotA","RH","Implicit",-0.0272088856034958,0.1685
"JM1","SomMotA","RH","Performance",-0.0272088856034958,-0.1954
"JM1","SomMotB","LH","Explicit",-0.0272088856034958,-0.1348
"JM1","SomMotB","LH","Implicit",-0.0272088856034958,0.0306
"JM1","SomMotB","LH","Performance",-0.0272088856034958,0.0176
"JM1","SomMotB","RH","Explicit",-0.0272088856034958,-0.1742
"JM1","SomMotB","RH","Implicit",-0.0272088856034958,0.0728
"JM1","SomMotB","RH","Performance",-0.0272088856034958,0.0369
"JR1","SomMotA","LH","Explicit",-0.112230083837024,0.0223
"JR1","SomMotA","LH","Implicit",-0.112230083837024,0.0948
"JR1","SomMotA","LH","Performance",-0.112230083837024,0.157
"JR1","SomMotA","RH","Explicit",-0.112230083837024,0.1883
"JR1","SomMotA","RH","Implicit",-0.112230083837024,-0.0644
"JR1","SomMotA","RH","Performance",-0.112230083837024,-0.1774
"JR1","SomMotB","LH","Explicit",-0.112230083837024,0.1307
"JR1","SomMotB","LH","Implicit",-0.112230083837024,0.0242
"JR1","SomMotB","LH","Performance",-0.112230083837024,-0.1006
"JR1","SomMotB","RH","Explicit",-0.112230083837024,-0.0165
"JR1","SomMotB","RH","Implicit",-0.112230083837024,-0.0263
"JR1","SomMotB","RH","Performance",-0.112230083837024,-0.2139
"KK1","SomMotA","LH","Explicit",0.0342533477213385,-0.0499
"KK1","SomMotA","LH","Implicit",0.0342533477213385,0.2416
"KK1","SomMotA","LH","Performance",0.0342533477213385,-0.0625
"KK1","SomMotA","RH","Explicit",0.0342533477213385,0.1767
"KK1","SomMotA","RH","Implicit",0.0342533477213385,0.1151
"KK1","SomMotA","RH","Performance",0.0342533477213385,-0.2446
"KK1","SomMotB","LH","Explicit",0.0342533477213385,0.0311
"KK1","SomMotB","LH","Implicit",0.0342533477213385,0.0299
"KK1","SomMotB","LH","Performance",0.0342533477213385,-0.0064
"KK1","SomMotB","RH","Explicit",0.0342533477213385,-0.0507
"KK1","SomMotB","RH","Implicit",0.0342533477213385,0.0514
"KK1","SomMotB","RH","Performance",0.0342533477213385,-0.0121
"KP1","SomMotA","LH","Explicit",0.111890294966281,-0.1066
"KP1","SomMotA","LH","Implicit",0.111890294966281,0.0971
"KP1","SomMotA","LH","Performance",0.111890294966281,0.0807
"KP1","SomMotA","RH","Explicit",0.111890294966281,0.0045
"KP1","SomMotA","RH","Implicit",0.111890294966281,-0.084
"KP1","SomMotA","RH","Performance",0.111890294966281,0.2855
"KP1","SomMotB","LH","Explicit",0.111890294966281,-0.1787
"KP1","SomMotB","LH","Implicit",0.111890294966281,0.0283
"KP1","SomMotB","LH","Performance",0.111890294966281,-0.0111
"KP1","SomMotB","RH","Explicit",0.111890294966281,0.0319
"KP1","SomMotB","RH","Implicit",0.111890294966281,0.0429
"KP1","SomMotB","RH","Performance",0.111890294966281,-0.0768
"KR1","SomMotA","LH","Explicit",0.25642104126088,-0.0219
"KR1","SomMotA","LH","Implicit",0.25642104126088,0.0035
"KR1","SomMotA","LH","Performance",0.25642104126088,-0.1562
"KR1","SomMotA","RH","Explicit",0.25642104126088,-0.0295
"KR1","SomMotA","RH","Implicit",0.25642104126088,0.2716
"KR1","SomMotA","RH","Performance",0.25642104126088,-0.283
"KR1","SomMotB","LH","Explicit",0.25642104126088,-0.0366
"KR1","SomMotB","LH","Implicit",0.25642104126088,0.0292
"KR1","SomMotB","LH","Performance",0.25642104126088,0.0381
"KR1","SomMotB","RH","Explicit",0.25642104126088,-0.0253
"KR1","SomMotB","RH","Implicit",0.25642104126088,0.0164
"KR1","SomMotB","RH","Performance",0.25642104126088,0.0535
"LB1","SomMotA","LH","Explicit",0.241472053557571,0.0589
"LB1","SomMotA","LH","Implicit",0.241472053557571,-0.1002
"LB1","SomMotA","LH","Performance",0.241472053557571,0.2709
"LB1","SomMotA","RH","Explicit",0.241472053557571,0.3509
"LB1","SomMotA","RH","Implicit",0.241472053557571,0.1601
"LB1","SomMotA","RH","Performance",0.241472053557571,0.1313
"LB1","SomMotB","LH","Explicit",0.241472053557571,0.044
"LB1","SomMotB","LH","Implicit",0.241472053557571,0.0324
"LB1","SomMotB","LH","Performance",0.241472053557571,0.0969
"LB1","SomMotB","RH","Explicit",0.241472053557571,0.0095
"LB1","SomMotB","RH","Implicit",0.241472053557571,-0.0287
"LB1","SomMotB","RH","Performance",0.241472053557571,0.0144
"MB1","SomMotA","LH","Explicit",0.206676702148628,-0.1554
"MB1","SomMotA","LH","Implicit",0.206676702148628,0.1504
"MB1","SomMotA","LH","Performance",0.206676702148628,-0.1032
"MB1","SomMotA","RH","Explicit",0.206676702148628,-0.1792
"MB1","SomMotA","RH","Implicit",0.206676702148628,0.1212
"MB1","SomMotA","RH","Performance",0.206676702148628,-0.2757
"MB1","SomMotB","LH","Explicit",0.206676702148628,-0.1013
"MB1","SomMotB","LH","Implicit",0.206676702148628,0.0273
"MB1","SomMotB","LH","Performance",0.206676702148628,-0.039
"MB1","SomMotB","RH","Explicit",0.206676702148628,-0.0406
"MB1","SomMotB","RH","Implicit",0.206676702148628,-0.0322
"MB1","SomMotB","RH","Performance",0.206676702148628,-0.2079
"MG1","SomMotA","LH","Explicit",0.348977530019687,0.0737
"MG1","SomMotA","LH","Implicit",0.348977530019687,0.2205
"MG1","SomMotA","LH","Performance",0.348977530019687,0.0434
"MG1","SomMotA","RH","Explicit",0.348977530019687,0.0592
"MG1","SomMotA","RH","Implicit",0.348977530019687,0.1662
"MG1","SomMotA","RH","Performance",0.348977530019687,-0.1634
"MG1","SomMotB","LH","Explicit",0.348977530019687,0.0708
"MG1","SomMotB","LH","Implicit",0.348977530019687,0.028
"MG1","SomMotB","LH","Performance",0.348977530019687,-0.1697
"MG1","SomMotB","RH","Explicit",0.348977530019687,0.0579
"MG1","SomMotB","RH","Implicit",0.348977530019687,0.1314
"MG1","SomMotB","RH","Performance",0.348977530019687,-0.3069
"MP1","SomMotA","LH","Explicit",0.220330683026463,-0.0198
"MP1","SomMotA","LH","Implicit",0.220330683026463,-0.0339
"MP1","SomMotA","LH","Performance",0.220330683026463,0.0369
"MP1","SomMotA","RH","Explicit",0.220330683026463,0.3379
"MP1","SomMotA","RH","Implicit",0.220330683026463,0.0019
"MP1","SomMotA","RH","Performance",0.220330683026463,-0.14
"MP1","SomMotB","LH","Explicit",0.220330683026463,-0.1272
"MP1","SomMotB","LH","Implicit",0.220330683026463,0.0279
"MP1","SomMotB","LH","Performance",0.220330683026463,0.0623
"MP1","SomMotB","RH","Explicit",0.220330683026463,-0.166
"MP1","SomMotB","RH","Implicit",0.220330683026463,0.0604
"MP1","SomMotB","RH","Performance",0.220330683026463,0.0648
"NW1","SomMotA","LH","Explicit",0.485068372609108,0.0215
"NW1","SomMotA","LH","Implicit",0.485068372609108,-0.0057
"NW1","SomMotA","LH","Performance",0.485068372609108,0.0692
"NW1","SomMotA","RH","Explicit",0.485068372609108,-0.0781
"NW1","SomMotA","RH","Implicit",0.485068372609108,-0.0423
"NW1","SomMotA","RH","Performance",0.485068372609108,0.0158
"NW1","SomMotB","LH","Explicit",0.485068372609108,-0.0581
"NW1","SomMotB","LH","Implicit",0.485068372609108,0.0294
"NW1","SomMotB","LH","Performance",0.485068372609108,0.0285
"NW1","SomMotB","RH","Explicit",0.485068372609108,-0.1
"NW1","SomMotB","RH","Implicit",0.485068372609108,-0.0057
"NW1","SomMotB","RH","Performance",0.485068372609108,-0.1512
"SK1","SomMotA","LH","Explicit",0.660286754841151,0.1507
"SK1","SomMotA","LH","Implicit",0.660286754841151,0.0597
"SK1","SomMotA","LH","Performance",0.660286754841151,-0.1672
"SK1","SomMotA","RH","Explicit",0.660286754841151,0.251
"SK1","SomMotA","RH","Implicit",0.660286754841151,0.1251
"SK1","SomMotA","RH","Performance",0.660286754841151,-0.0741
"SK1","SomMotB","LH","Explicit",0.660286754841151,-0.1316
"SK1","SomMotB","LH","Implicit",0.660286754841151,0.0315
"SK1","SomMotB","LH","Performance",0.660286754841151,0.0063
"SK1","SomMotB","RH","Explicit",0.660286754841151,-0.0728
"SK1","SomMotB","RH","Implicit",0.660286754841151,0.0545
"SK1","SomMotB","RH","Performance",0.660286754841151,-0.0986
"SM2","SomMotA","LH","Explicit",0.190146274808634,-0.0574
"SM2","SomMotA","LH","Implicit",0.190146274808634,-0.1098
"SM2","SomMotA","LH","Performance",0.190146274808634,-0.059
"SM2","SomMotA","RH","Explicit",0.190146274808634,-0.2486
"SM2","SomMotA","RH","Implicit",0.190146274808634,0.0977
"SM2","SomMotA","RH","Performance",0.190146274808634,-0.2046
"SM2","SomMotB","LH","Explicit",0.190146274808634,-0.0735
"SM2","SomMotB","LH","Implicit",0.190146274808634,0.0316
"SM2","SomMotB","LH","Performance",0.190146274808634,0.0248
"SM2","SomMotB","RH","Explicit",0.190146274808634,-0.0583
"SM2","SomMotB","RH","Implicit",0.190146274808634,0.0684
"SM2","SomMotB","RH","Performance",0.190146274808634,-0.0616
"SR1","SomMotA","LH","Explicit",-0.0602199330418513,-0.0588
"SR1","SomMotA","LH","Implicit",-0.0602199330418513,0.1054
"SR1","SomMotA","LH","Performance",-0.0602199330418513,0.0199
"SR1","SomMotA","RH","Explicit",-0.0602199330418513,-0.1888
"SR1","SomMotA","RH","Implicit",-0.0602199330418513,0.0777
"SR1","SomMotA","RH","Performance",-0.0602199330418513,0.1936
"SR1","SomMotB","LH","Explicit",-0.0602199330418513,-0.0805
"SR1","SomMotB","LH","Implicit",-0.0602199330418513,0.0252
"SR1","SomMotB","LH","Performance",-0.0602199330418513,-0.0096
"SR1","SomMotB","RH","Explicit",-0.0602199330418513,-0.076
"SR1","SomMotB","RH","Implicit",-0.0602199330418513,0.0621
"SR1","SomMotB","RH","Performance",-0.0602199330418513,0.023
"UP1","SomMotA","LH","Explicit",0.591855397272516,0.1172
"UP1","SomMotA","LH","Implicit",0.591855397272516,-0.017
"UP1","SomMotA","LH","Performance",0.591855397272516,0.0756
"UP1","SomMotA","RH","Explicit",0.591855397272516,-0.0216
"UP1","SomMotA","RH","Implicit",0.591855397272516,0.1085
"UP1","SomMotA","RH","Performance",0.591855397272516,-0.0131
"UP1","SomMotB","LH","Explicit",0.591855397272516,-0.1339
"UP1","SomMotB","LH","Implicit",0.591855397272516,0.0261
"UP1","SomMotB","LH","Performance",0.591855397272516,0.1264
"UP1","SomMotB","RH","Explicit",0.591855397272516,-0.0639
"UP1","SomMotB","RH","Implicit",0.591855397272516,-0.0872
"UP1","SomMotB","RH","Performance",0.591855397272516,0.225
"WK1","SomMotA","LH","Explicit",0.386442063810617,-0.3139
"WK1","SomMotA","LH","Implicit",0.386442063810617,-0.1089
"WK1","SomMotA","LH","Performance",0.386442063810617,-0.1351
"WK1","SomMotA","RH","Explicit",0.386442063810617,0.1353
"WK1","SomMotA","RH","Implicit",0.386442063810617,0.0277
"WK1","SomMotA","RH","Performance",0.386442063810617,-0.042
"WK1","SomMotB","LH","Explicit",0.386442063810617,-0.053
"WK1","SomMotB","LH","Implicit",0.386442063810617,0.0418
"WK1","SomMotB","LH","Performance",0.386442063810617,0.0403
"WK1","SomMotB","RH","Explicit",0.386442063810617,-0.0115
"WK1","SomMotB","RH","Implicit",0.386442063810617,0.0276
"WK1","SomMotB","RH","Performance",0.386442063810617,0.1036
"ZN1","SomMotA","LH","Explicit",0.380440924064425,-0.085
"ZN1","SomMotA","LH","Implicit",0.380440924064425,-0.0807
"ZN1","SomMotA","LH","Performance",0.380440924064425,-0.2314
"ZN1","SomMotA","RH","Explicit",0.380440924064425,-0.1428
"ZN1","SomMotA","RH","Implicit",0.380440924064425,-0.1078
"ZN1","SomMotA","RH","Performance",0.380440924064425,0.0011
"ZN1","SomMotB","LH","Explicit",0.380440924064425,-0.1592
"ZN1","SomMotB","LH","Implicit",0.380440924064425,0.0258
"ZN1","SomMotB","LH","Performance",0.380440924064425,0.0349
"ZN1","SomMotB","RH","Explicit",0.380440924064425,-0.054
"ZN1","SomMotB","RH","Implicit",0.380440924064425,-0.0077
"ZN1","SomMotB","RH","Performance",0.380440924064425,-0.0744
